,OBJECTID,INDEX,ACCNUM,TIME,ROAD_CLASS,DISTRICT,LATITUDE,LONGITUDE,ACCLOC,TRAFFCTL,VISIBILITY,LIGHT,RDSFCOND,ACCLASS,IMPACTYPE,INVTYPE,INVAGE,INJURY,FATAL_NO,INITDIR,VEHTYPE,MANOEUVER,DRIVACT,DRIVCOND,PEDTYPE,PEDACT,PEDCOND,CYCLISTYPE,CYCACT,CYCCOND,PEDESTRIAN,CYCLIST,AUTOMOBILE,MOTORCYCLE,TRUCK,TRSN_CITY_VEH,EMERG_VEH,PASSENGER,SPEEDING,AG_DRIV,REDLIGHT,ALCOHOL,DISABILITY,HOOD_158,NEIGHBOURHOOD_158,HOOD_140,NEIGHBOURHOOD_140,DIVISION,x,y,MONTH_YEAR,Month,DayOfWeek
OBJECTID,1.0,0.8751432135431124,0.57396406354886,0.052115133786131265,-0.0007691628370767804,-0.07342602410491376,-0.0034081340598741557,0.005437118008859082,0.5648207738848183,0.027718037207770038,-0.059685026368698074,0.08503161187392724,-0.05158523945394552,0.05011090818008673,0.02263199568356775,-0.11468432841476404,-0.16618221949484976,0.03186629630261452,0.12905656476356794,0.11731873204383697,-0.3386839187905926,0.04655850887649506,0.06349870611397736,0.08419012483645968,0.040284102109069846,0.02806222165596722,0.05403261419177017,0.027374970625644406,0.02971527230928854,0.035020331384182764,0.035668526990227586,0.026909093376189276,-0.03480905037355401,0.11320097149354857,-0.0029967432354661766,0.012356349830496003,0.04724846899839731,0.031704125440700885,0.04347546850687594,0.0319730493974235,-0.027347871580928638,-0.04942031751789359,-0.037318345455081475,-0.03028783379202586,-0.03842574803231017,-0.024743612108260656,-0.028971533387612124,-0.01321776289166267,0.0055066029072904235,-0.003226175854813734,0.9952172308631984,0.08357122411839447,0.020270270657990436
INDEX,0.8751432135431124,1.0,0.7842610920159357,0.05000134427006636,0.005819797941858203,-0.08194103534045101,0.015036504494697955,0.0018146692298365314,0.6474829532668592,0.01949747334180059,-0.058634574708050516,0.056446471909346,-0.05279201067878309,0.03531457365390396,0.020069947207271285,-0.12475280805419567,-0.20073903865515982,0.04256152633230328,0.16339634691167504,0.1174495078571976,-0.388333203110553,0.04096390588560835,0.0673276741399901,0.08788466822263089,0.034416082045844315,0.026684512266130576,0.048551325413080215,0.021501409951467192,0.020401235830472653,0.02516272280412826,0.020915645608145777,0.009960085301264757,-0.008761784452463244,0.09816879067859481,-0.015123870572612214,-0.011275461899830948,0.049694557608328596,0.07990859880809548,0.058987802903161385,0.04003841097390149,-0.01447479400004653,-0.03861394676799912,-0.029496381256572602,-0.026996871640735904,-0.043513128557966754,-0.032144589091959705,-0.028166110096854602,-0.022041735950932985,0.0015928166669192095,0.01492910576832194,0.8731389396084646,0.039397983170998234,0.02915540982317838
ACCNUM,0.57396406354886,0.7842610920159357,1.0,0.049568218411234696,-0.028430776740526614,-0.07345959653504182,0.004782581991078828,-0.014038076308055114,0.6199602438718623,0.029520293743249635,-0.053197393336313396,0.03963799744405888,-0.048583799529776914,-0.029520554305054295,0.025480427351768014,-0.08953434501231242,-0.14305069069607895,0.032775802282257294,0.061335074199807854,0.06265855550992046,-0.2603218387133854,0.04739569176956375,0.04377263408002987,0.06663226795578653,0.005668123633805826,0.0015174724608066684,0.026255848190282774,0.018053495779856956,0.017112057421825286,0.022335041508383516,-0.005040972013360637,0.01921880329758463,-0.01176126907706015,0.06737010390181437,-0.004461261942219064,0.0033913652822860525,0.061142606021287814,0.05688020807143073,0.024337476876611242,0.03779335953929295,0.011003190998511199,-0.02578506734316678,-0.02779056788075011,-0.016820914177595177,-0.00972848156784923,-0.02283972121974184,0.005083409729828209,-0.014174265397849392,-0.014192480816021067,0.004389523843557866,0.5793081969198446,0.0562941613177067,0.03836496039610767
TIME,0.052115133786131265,0.05000134427006636,0.049568218411234696,1.0,0.02831456147607805,-0.03982099812907699,0.03287930829890337,0.010253382970367837,0.03476959008982993,-0.006426176091107902,0.01959193260236462,-0.0035837212396440175,-0.00501178232319779,-0.030223749669324618,0.050335546079808294,-0.025785373546416173,-0.014740898831567033,-0.020997112272769142,0.047545275328371585,0.03406568618317529,-0.04810097194776689,0.025823372896029914,-0.019780080141014518,0.02426254130258162,0.021584856872138878,0.007192950156834152,0.020415009696850867,0.0177246734665668,0.018616743054826537,0.022315963451719576,0.034267444594700575,0.040696626862333315,0.03059821464409235,0.078969941687042,-0.054775407271144605,-0.030165433782877105,0.008408755047848703,-0.0024827945785725124,-0.06844554760997537,-0.027406083146868432,-0.05268199227610043,-0.08547271710104064,-0.008617547759520361,-0.015338089641249041,-0.0358967064687779,-0.014427161518657547,-0.02968662721588788,0.025586163259137863,0.009856024971664571,0.0327664521441074,0.054800461529850915,0.03193719905660686,-0.0478950800926532
ROAD_CLASS,-0.0007691628370767804,0.005819797941858203,-0.028430776740526614,0.02831456147607805,1.0,0.15389707364865543,-0.01718391096536095,0.05573871099485608,-0.03261790762971782,0.12124710640906822,-0.0004057828028290261,0.04583788093741679,0.011612776290642987,-0.01346397624086129,-0.043437934670880016,-0.01608839385654914,0.007737057273875962,-0.008981914239363275,-0.023558068162410756,0.012171029970071523,-0.0162469609238023,0.017777256380594058,-0.034130858420834,0.0009606285877047608,0.02552806014351579,0.007438991141048856,0.010950038141218598,0.023790000350022218,0.022144195324302073,0.03029712475317279,0.03261938233797646,0.04813762517543085,-0.0017667553243440538,-0.01877203609736712,-0.008126716677981137,0.04187282991443547,0.016083924046378286,-0.03247139874448679,-0.06463281537221394,-0.001148097011632204,0.04618183693595951,-0.04624143046086179,-0.002962394066051957,0.02504268009416906,0.004980791482821943,0.04641348683709004,0.005053148962952326,0.014791547082919463,0.056344429959270026,-0.015554777611407342,-0.007577361279651597,-0.025094829019481422,-0.01894133407597636
DISTRICT,-0.07342602410491376,-0.08194103534045101,-0.07345959653504182,-0.03982099812907699,0.15389707364865543,1.0,-0.1947602351598544,0.535977550340647,-0.04649485065171253,-0.025671699206288465,0.008493684301700456,-0.000545770778025209,0.013283792619663101,-0.030418368183615423,-0.07407689385473912,0.008195841405252792,0.004465922402244278,-0.05747793588292986,0.04771491902749518,0.008351956853785472,0.02896225867515666,-0.015846375938437438,-0.024992564174618703,-0.04560549915298257,0.020584755809880607,0.03219998155442695,0.020869792815814307,0.07092337604493507,0.058085474236881686,0.08791831179566885,0.057769753291900816,0.1584443422273423,-0.0816120077508996,-0.0024324113000330516,-0.02149199146617668,0.05189263709784269,0.021425868386629316,-0.058716370412467744,-0.04411131784018896,-0.06400102263294276,-0.04015799254157442,-0.010070588873403842,-0.017890378437778444,0.3011134304974484,0.026255510047383256,0.4756117809817045,-0.018994931570968134,0.3878210058992448,0.5422355371088636,-0.17909894795926606,-0.07897677255823408,-0.010747634529689033,0.01315321078824182
LATITUDE,-0.0034081340598741557,0.015036504494697955,0.004782581991078828,0.03287930829890337,-0.01718391096536095,-0.1947602351598544,1.0,0.4206264769490803,-0.0018138336250172861,0.062069958647701824,0.017832396357672153,0.006832118466852518,0.030578809886822846,0.05883229384739133,0.028932436212118433,0.0055089831229647645,0.005629074496513784,0.050878369718368406,0.049061891225988,-0.024465983447347905,-0.0363466536378795,-0.0012377676422100233,-0.009957351067151725,0.01212109042217749,0.01302517576610206,-0.01281695520206186,0.011772358432150846,-0.06365673485746216,-0.06697658298916216,-0.08480225345147971,0.0074989827466883765,-0.13843762104911078,0.08522489260974153,-0.055571509856179674,-0.020358089251298835,-0.04182283509732211,-0.01924977032534503,0.06816273535963671,0.017458934939665282,0.061795634320219894,0.06025274740658455,-0.002919256445884982,0.020537323188432155,-0.33292596531402924,-0.06689981942300266,-0.45656842672921205,0.011766503485390498,0.20406444833321258,0.40863527302349545,0.9997296669839153,-0.005257151108325754,0.010205540432209703,-0.024124287203609835
LONGITUDE,0.005437118008859082,0.0018146692298365314,-0.014038076308055114,0.010253382970367837,0.05573871099485608,0.535977550340647,0.4206264769490803,1.0,0.0001582505143778296,0.00364290631417705,0.012832848935837684,0.008720096584433117,0.022533488401436222,0.022121544599730508,-0.010902745883632256,0.0011818318467854024,-0.011831407332264515,-0.004995541408675207,0.08239067465526416,-0.006179676523484924,-0.02625064716612147,-0.013918632532827498,-0.010710473604431158,-0.021083213676551568,0.01346114620471084,0.0055792650297968914,0.01638643649540904,0.002689719549575602,-0.008303195271561085,0.00041219231362034007,0.031041060481954503,0.010235995558545777,0.0030176132428215777,0.0008217245635870325,-0.05145456786745462,-0.014030519563537281,-0.0058878049331630294,0.014976235681378593,-0.005947667047564033,-0.005370712440088239,0.008771418898958758,-0.00013290969240170039,0.004314486073390369,-0.12074540975592765,-0.10209734288353936,-0.061944487774887015,-0.05438570719244842,0.5896469126314868,0.9999128113748297,0.44159037282329755,0.0026807436707583236,0.0017705532888174908,0.0047432044461780285
ACCLOC,0.5648207738848183,0.6474829532668592,0.6199602438718623,0.03476959008982993,-0.03261790762971782,-0.04649485065171253,-0.0018138336250172861,0.0001582505143778296,1.0,-0.2004341339614073,-0.04791528497755226,0.007156351748895107,-0.03939415861609293,0.04187501671994374,-0.009616550906380382,-0.08435272875770934,-0.14493127852789137,0.03691103320173722,0.12641837990352628,0.07324246552545612,-0.2535755800195722,-0.03117245949267709,0.07953980873365744,0.06768126089555077,-0.04065015687441954,0.040156629134820106,0.016090502869169417,-0.017500024562496802,0.004380167528929348,-0.0008108755288532116,0.0010025628397565085,-0.01663987908153906,-0.01981308587931268,0.06832236866630376,-0.016486508725397697,0.0018805120197110826,0.021002987729318464,0.06484589567927938,0.07289867399587323,-0.04644832275731922,-0.07026436900384367,-0.014351811240929456,-0.005125893238945324,-0.019804362378349386,-0.02391888338179772,-0.018426037110156016,-0.010737065091915812,-0.007130996115053443,0.00017086051240210217,-0.0017704916879241848,0.5702649225879698,0.010651491499134979,0.03506642091979165
TRAFFCTL,0.027718037207770038,0.01949747334180059,0.029520293743249635,-0.006426176091107902,0.12124710640906822,-0.025671699206288465,0.062069958647701824,0.00364290631417705,-0.2004341339614073,1.0,0.001020881920542367,0.050459767417955236,0.018146156719526896,-0.04400719468303464,-0.003205323104472711,-0.005064138503437491,-0.01811716095521336,0.025249830666135994,-0.04572004711747183,-0.0005996469620430597,-0.022018261127954714,0.1191463444296239,-0.09125612637220439,0.008127045756101691,0.14101683164581905,-0.0820548234092095,0.03255052281879479,0.019687112515340967,-0.00693813002234798,0.0011339527792166707,0.028111278062872648,0.0026703932387944817,0.0246064630609934,-0.04304368236251359,0.03293189318679284,-0.0029421675056076724,0.005374246195284021,0.02886131869013235,-0.0965380121582503,0.19427135481997268,0.3345421780797587,-0.05412508429621598,-0.024117936285212808,-0.05533571968589622,0.012443198196921771,-0.026676627381325677,0.009631068467672206,0.010726183954970542,0.002771057531492101,0.06146427611650432,0.02935719494807434,0.0037447227145980867,-0.006741775206751443
VISIBILITY,-0.059685026368698074,-0.058634574708050516,-0.053197393336313396,0.01959193260236462,-0.0004057828028290261,0.008493684301700456,0.017832396357672153,0.012832848935837684,-0.04791528497755226,0.001020881920542367,1.0,-0.1636623426223713,0.7521605319258018,-0.016339873389938003,-0.042313016336114166,0.029544438701423963,0.01518546972180078,-0.010734737427201697,-0.020917019087854097,-0.01047033038980881,0.014954455310611429,-0.01996774594925277,-0.006555035848425042,-0.020781328271554832,0.06461501710224349,0.039800530647846354,0.05681847057601545,-0.03636208866585583,-0.03418216599147446,-0.039141997619172045,0.1025829075034206,-0.06026123359128855,0.011034210066649683,-0.0945527560979259,-0.017779429495908022,0.0023238532395292704,0.010368836477293456,-0.02956182459658128,0.009357179305536041,-0.017946971232401705,-0.029143084157220923,-0.0016629757476604558,-0.021754969949933683,0.018993343373497066,-0.007179111735472711,-0.00017580047496941112,-0.009543477385287782,-0.002313239572858173,0.012649674247970807,0.01795468814479591,-0.06010238649580893,0.02427751219502498,0.01189618524957589
LIGHT,0.08503161187392724,0.056446471909346,0.03963799744405888,-0.0035837212396440175,0.04583788093741679,-0.000545770778025209,0.006832118466852518,0.008720096584433117,0.007156351748895107,0.050459767417955236,-0.1636623426223713,1.0,-0.16639720891363705,-0.04909259265082135,-0.014735572923082266,-0.04069363028816092,0.05338648841641297,-0.02580160733630992,-0.005752072814565819,0.03837235385717649,-0.008532414708577287,0.09015431451019458,0.010098735548480639,0.05714206562026614,0.00919809090322082,-0.01793739248646213,0.0007198827990170002,0.057274723563501204,0.052640349602474386,0.06731241637469017,-0.031705828609430095,0.10056116930966212,-0.06773309153423944,0.05298049914595222,0.07916757022646251,0.03589403370709695,-0.015005720390338786,-0.08537609725614109,-0.14361158701561821,-0.003868164228802588,0.006601577240488325,-0.17465657006658736,0.0559740642517534,0.005924013539162466,-0.00972409350691832,0.0038016885813557627,-0.02484336846376277,0.010127824353765257,0.008665796636110754,0.006954878918766162,0.08025809422446699,-0.046915404220964005,-0.08441920599764433
RDSFCOND,-0.05158523945394552,-0.05279201067878309,-0.048583799529776914,-0.00501178232319779,0.011612776290642987,0.013283792619663101,0.030578809886822846,0.022533488401436222,-0.03939415861609293,0.018146156719526896,0.7521605319258018,-0.16639720891363705,1.0,-0.00521394723656008,-0.02666122600982665,0.031026784426574142,0.008986021207420166,-0.007676743653017509,-0.09265123832742875,-0.006042363103463952,0.010804960491389765,-0.01783099174637553,-0.01014079057767625,-0.017630152757848804,0.06864174601172617,0.043742243608545645,0.061675825592528724,-0.04319971716528744,-0.04321645431514183,-0.04824561547049724,0.1110789203716603,-0.07207362641923158,0.007724272460599965,-0.10917963808793099,-0.009594171462816773,-0.003951242289743663,0.03945871545566567,-0.026961682924036442,-0.011868587743659354,-0.010535884698041386,-0.016016008025057128,0.005470572046338282,-0.02516851032302268,0.02598584106263431,0.015941538904536832,0.007017545007346937,0.003649085074604485,0.0028206116310958464,0.022231893231537382,0.030802642197255366,-0.0533320149554111,-0.0158149146774715,0.001833319288524088
ACCLASS,0.05011090818008673,0.03531457365390396,-0.029520554305054295,-0.030223749669324618,-0.01346397624086129,-0.030418368183615423,0.05883229384739133,0.022121544599730508,0.04187501671994374,-0.04400719468303464,-0.016339873389938003,-0.04909259265082135,-0.00521394723656008,1.0,-0.02485110980173848,0.05836922703876959,0.045972789130117306,-0.08450776518096775,0.014903408305981131,0.021060716791839598,0.017347345225662607,-0.06255084241659564,-0.013487600972004136,-0.010510379907402102,0.030224122793770514,0.05295122838884316,0.06853962025008267,-0.04238604352545958,-0.036996509763989875,-0.046876182518272295,0.09928338775531538,-0.07526731214048418,-0.07496970763035991,-0.005548575845545908,0.11108748700993491,0.04758788767831468,-0.01465914563469452,-0.004005120206366569,0.0901535790037198,-0.03313267410660929,-0.006218656149109895,0.028595931853744934,-0.007149225654207347,-0.02569642603635483,0.005531348040178386,-0.050771469167468705,0.013643148946519364,0.007244666139027453,0.021395253484906944,0.058769934354742294,0.05062602537575073,0.006424865751129985,-0.008215088578873842
IMPACTYPE,0.02263199568356775,0.020069947207271285,0.025480427351768014,0.050335546079808294,-0.043437934670880016,-0.07407689385473912,0.028932436212118433,-0.010902745883632256,-0.009616550906380382,-0.003205323104472711,-0.042313016336114166,-0.014735572923082266,-0.02666122600982665,-0.02485110980173848,1.0,0.02738246225589232,-0.024437137941442054,0.026754678760171742,-0.0023934547339296073,-0.03798681642078274,0.019517306404539806,0.11392949367707743,0.10846850270276474,0.08915889531218547,-0.08030292951825319,-0.07949102393938813,-0.09049306505168396,-0.17668662413867334,-0.1593064516521428,-0.19871703986543926,-0.1687586478505771,-0.3058455200588467,0.04674360279697209,0.29747970341649704,-0.018288766460508896,-0.047870373612995974,-0.012450899615180143,0.1113654297750838,0.05620965909325787,0.019562005656278525,-0.19027440296316553,0.0027273451702281757,0.018727729225096326,-0.03770886224405709,-0.013366807083243065,-0.05373482093987357,0.020713518432641992,-0.0371256224392157,-0.01143021058291859,0.028361584762318388,0.023624043565851644,0.024373234209680888,0.013238569679740447
INVTYPE,-0.11468432841476404,-0.12475280805419567,-0.08953434501231242,-0.025785373546416173,-0.01608839385654914,0.008195841405252792,0.0055089831229647645,0.0011818318467854024,-0.08435272875770934,-0.005064138503437491,0.029544438701423963,-0.04069363028816092,0.031026784426574142,0.05836922703876959,0.02738246225589232,1.0,0.3072314694016715,0.026843213424501203,0.023154501588842264,-0.4373075486851443,0.48335346136725366,-0.5485896893832379,-0.531077333233515,-0.7247362524964749,0.37441880796097216,0.3712942022674411,0.4231177240135343,-0.23285363570602474,-0.21008271485661525,-0.26457575086070767,0.20723475822410284,-0.23047004206153177,-0.1403663592513898,-0.02926434124240958,0.1857599838272504,0.040700320836102324,-4.03503304917309e-06,0.09523075333244542,-0.0061781370022321366,-0.02819287868742567,-0.019015566589121024,0.01199191438415104,-0.025543569417834228,-0.010248131871825938,0.00791611745277095,-0.008810942210387652,0.0074324870308863245,0.012488364962161951,0.0011245629071162172,0.005470941531146002,-0.11466246089076232,-0.012763301175303282,0.00021316994903832382
INVAGE,-0.16618221949484976,-0.20073903865515982,-0.14305069069607895,-0.014740898831567033,0.007737057273875962,0.004465922402244278,0.005629074496513784,-0.011831407332264515,-0.14493127852789137,-0.01811716095521336,0.01518546972180078,0.05338648841641297,0.008986021207420166,0.045972789130117306,-0.024437137941442054,0.3072314694016715,1.0,-0.279812633707964,0.06358560875494906,-0.1892405876311001,0.23853943314743944,-0.07840622039737323,-0.13227085348372536,-0.17163079106549373,-0.006226450169954378,-0.05455787290412148,-0.024349471697957936,-0.07601874906071956,-0.06611797835312659,-0.08505302597351427,0.057431416912412644,-0.020505010062265953,-0.042443155925328914,-0.07104776735542725,0.043747740261838766,0.034450113985356086,-0.0031069645778676377,-0.1456576551304017,-0.0746528917381742,-0.044053374604401695,-0.019818307551535644,-0.03819710483845111,0.05596536745779521,0.01758487403041925,-0.0017274440733613778,0.003537752311377492,-0.014821810411134792,-0.003789985839084577,-0.011980202863535456,0.005241956433074431,-0.16768820051509867,-0.001760293297232098,-0.050390665315279054
INJURY,0.03186629630261452,0.04256152633230328,0.032775802282257294,-0.020997112272769142,-0.008981914239363275,-0.05747793588292986,0.050878369718368406,-0.004995541408675207,0.03691103320173722,0.025249830666135994,-0.010734737427201697,-0.02580160733630992,-0.007676743653017509,-0.08450776518096775,0.026754678760171742,0.026843213424501203,-0.279812633707964,1.0,0.08424038191864644,0.020990409347201814,-0.0785113092204559,-0.18247092473653695,-0.08431514364781159,-0.16401824215846245,0.20612798630554785,0.19871148719561363,0.2267299749249417,0.09808492576215277,0.0879621679458372,0.1107609772728604,-0.18265912084594485,-0.07562103320131675,0.04657869278373787,-0.027478265473248716,-0.03586651120623473,-0.021180688466090374,0.005469808504956858,0.18478484559544076,0.08934848555782635,0.07770192255006843,0.08266461379210573,0.07032410248702493,0.029466300056596062,-0.046939331907869176,-0.007496706186729448,-0.04821188030890383,0.006934639410717885,-0.00812496921049867,-0.005782425415906774,0.05022304507224711,0.03249954662535471,-0.018652889146651624,0.030131005925154615
FATAL_NO,0.12905656476356794,0.16339634691167504,0.061335074199807854,0.047545275328371585,-0.023558068162410756,0.04771491902749518,0.049061891225988,0.08239067465526416,0.12641837990352628,-0.04572004711747183,-0.020917019087854097,-0.005752072814565819,-0.09265123832742875,0.014903408305981131,-0.0023934547339296073,0.023154501588842264,0.06358560875494906,0.08424038191864644,1.0,-0.03235453761407821,-0.17287013202097862,-0.03722196184820395,-0.056525188239290806,-0.062304085859249465,-0.01942746569220193,0.05905405345793892,0.06099780302247053,0.059039660637754524,0.05525860617974969,0.06127844175182944,0.024851488124807506,0.05967671400276935,0.10388866887421624,-0.023990670164840962,-0.04160210576928658,-0.03406691937463485,0.01008659138870333,-0.028819427885184587,-0.017749251397710816,-0.0544731600596945,-0.014905988464776728,0.011278978312069936,0.002148115006284939,-0.051572291851254226,0.041166048728039015,-0.05630406513404532,0.05771205216635466,0.004675299384562373,0.08220702802660046,0.050648783298055125,0.10861898668458929,0.8710197031775121,-0.03781959414966741
INITDIR,0.11731873204383697,0.1174495078571976,0.06265855550992046,0.03406568618317529,0.012171029970071523,0.008351956853785472,-0.024465983447347905,-0.006179676523484924,0.07324246552545612,-0.0005996469620430597,-0.01047033038980881,0.03837235385717649,-0.006042363103463952,0.021060716791839598,-0.03798681642078274,-0.4373075486851443,-0.1892405876311001,0.020990409347201814,-0.03235453761407821,1.0,-0.192066454502769,0.2963186007120872,0.30390050345410147,0.4181215976970199,0.13131168115888664,0.14491040760261356,0.15087447543409527,0.07501493701648762,0.0673252039304014,0.08388585775269751,0.13199403918538088,0.06675421336999245,-0.012932008674857956,0.03485585390326572,-0.006741944432902409,-0.028080754167178926,-0.01690760744644392,-0.2729056497677038,-0.059883737552558,-0.03066923256540278,-0.043787178250183655,-0.03909933687199205,-0.01793547443078231,0.00952707389948443,-0.006652235361381205,0.013352898540288833,-0.01664882009280269,-0.013072485020568006,-0.005862494320465012,-0.024358838680690918,0.11500970847523452,0.029302884943903713,-0.03223234981408833
VEHTYPE,-0.3386839187905926,-0.388333203110553,-0.2603218387133854,-0.04810097194776689,-0.0162469609238023,0.02896225867515666,-0.0363466536378795,-0.02625064716612147,-0.2535755800195722,-0.022018261127954714,0.014954455310611429,-0.008532414708577287,0.010804960491389765,0.017347345225662607,0.019517306404539806,0.48335346136725366,0.23853943314743944,-0.0785113092204559,-0.17287013202097862,-0.192066454502769,1.0,-0.14297881297014892,-0.16439332154221378,-0.20055770991097902,0.04696326045938624,0.050884662393929754,0.03987709882937984,-0.0887772355775942,-0.07983131856452644,-0.1002779166768729,0.027676430459435315,-0.07569661115317024,-0.23582409540342858,0.036657419227084466,0.2863485672083302,0.09936094110102527,-0.009237234280769644,-0.047814438188828544,-0.01892970237262854,-0.03574914171517808,-0.027212966988599978,0.005981481155712763,-0.00556824754289417,0.02054522098532616,0.02427251522704715,0.019763841418179676,0.014252991182038216,0.007431337887411449,-0.02586583948002184,-0.03661640251629971,-0.3346564891825703,-0.018225222094277613,-0.03273736026485987
MANOEUVER,0.04655850887649506,0.04096390588560835,0.04739569176956375,0.025823372896029914,0.017777256380594058,-0.015846375938437438,-0.0012377676422100233,-0.013918632532827498,-0.03117245949267709,0.1191463444296239,-0.01996774594925277,0.09015431451019458,-0.01783099174637553,-0.06255084241659564,0.11392949367707743,-0.5485896893832379,-0.07840622039737323,-0.18247092473653695,-0.03722196184820395,0.2963186007120872,-0.14297881297014892,1.0,0.45040132087890394,0.5604439158688719,-0.2795396199789276,-0.28114666259677545,-0.3169112427466572,0.013182203796871197,0.029370435801391603,0.022466549825767977,-0.0932209533200797,0.10321522440849429,0.01697915709103309,0.08647787021521304,0.02758199795914108,-0.045395483432156096,-0.009408904624248716,-0.13920855815007893,-0.049007570894532566,0.0917263181897489,-0.035971436664305224,-0.04964605749400063,0.0037699068938260387,-0.0003452381031520636,-0.01579388310066524,-0.004253045441159296,-0.016319750522492592,-0.020938476649975495,-0.013991631404018972,-0.00158337138463959,0.04740805845144467,0.008307001080632932,-0.03824798093402346
DRIVACT,0.06349870611397736,0.0673276741399901,0.04377263408002987,-0.019780080141014518,-0.034130858420834,-0.024992564174618703,-0.009957351067151725,-0.010710473604431158,0.07953980873365744,-0.09125612637220439,-0.006555035848425042,0.010098735548480639,-0.01014079057767625,-0.013487600972004136,0.10846850270276474,-0.531077333233515,-0.13227085348372536,-0.08431514364781159,-0.056525188239290806,0.30390050345410147,-0.16439332154221378,0.45040132087890394,1.0,0.6382227930434763,-0.27962703034555914,-0.278064532400241,-0.31669784160591685,-0.13042929860712182,-0.11747067753268867,-0.1480772424619336,-0.15849462656560526,-0.0178431908579092,0.0028343530672539246,0.14571144280082868,-0.004630318536291997,-0.06061740272451077,-0.012494158451149616,-0.10984939738176824,0.08311721869600167,-0.02919882023968867,-0.12312582204657435,0.025244659307610804,0.07325789502053061,0.0013900895137392568,-0.01611296665763533,-0.005222891500828359,-0.010069986712169824,-0.010635834998549896,-0.010655802233670388,-0.010094118959162597,0.06421060725917849,-0.0007703463988297082,0.0023319072132315898
DRIVCOND,0.08419012483645968,0.08788466822263089,0.06663226795578653,0.02426254130258162,0.0009606285877047608,-0.04560549915298257,0.01212109042217749,-0.021083213676551568,0.06768126089555077,0.008127045756101691,-0.020781328271554832,0.05714206562026614,-0.017630152757848804,-0.010510379907402102,0.08915889531218547,-0.7247362524964749,-0.17163079106549373,-0.16401824215846245,-0.062304085859249465,0.4181215976970199,-0.20055770991097902,0.5604439158688719,0.6382227930434763,1.0,-0.38314831686902967,-0.3806992683043086,-0.43359228712917686,-0.1785712766621516,-0.1608295764939029,-0.20273314748619364,-0.14619266147938847,-0.05127899013398912,0.033673527074505355,0.1759620243118283,0.0016307197805015964,-0.03054404599175865,-0.006737154159208419,-0.12074689143472248,0.029268597226730596,0.049200584625936204,0.028880765077169895,-0.10516588681114238,0.029143130196949467,-0.020415944627761324,-0.013430454293233189,-0.028396652059692985,-0.005112072842043603,-0.0264380896139382,-0.021410936259871245,0.011470186096523803,0.08538526468897492,0.003672820916398563,-0.01963461574804551
PEDTYPE,0.040284102109069846,0.034416082045844315,0.005668123633805826,0.021584856872138878,0.02552806014351579,0.020584755809880607,0.01302517576610206,0.01346114620471084,-0.04065015687441954,0.14101683164581905,0.06461501710224349,0.00919809090322082,0.06864174601172617,0.030224122793770514,-0.08030292951825319,0.37441880796097216,-0.006226450169954378,0.20612798630554785,-0.01942746569220193,0.13131168115888664,0.04696326045938624,-0.2795396199789276,-0.27962703034555914,-0.38314831686902967,1.0,0.6086999543397738,0.8468805778692723,-0.07159681839348152,-0.06448341634651643,-0.0812843398682181,0.4752383555779391,-0.12846882362917134,-0.0408706862030974,-0.11193301443497052,-0.011495247746139232,-0.017408516958676103,-0.012963586601444957,-0.2247780970717423,-0.12251851346189589,-0.014679096259786412,-0.06873140239694668,-0.04838036673210735,-0.05385492415307498,0.003943189013698954,-0.013886009515317075,0.0059268163766192875,-0.023043800193892943,0.006334815008845222,0.013374338480013985,0.013182719154885784,0.03846397860219532,0.01758103868475404,-0.04255183176296033
PEDACT,0.02806222165596722,0.026684512266130576,0.0015174724608066684,0.007192950156834152,0.007438991141048856,0.03219998155442695,-0.01281695520206186,0.0055792650297968914,0.040156629134820106,-0.0820548234092095,0.039800530647846354,-0.01793739248646213,0.043742243608545645,0.05295122838884316,-0.07949102393938813,0.3712942022674411,-0.05455787290412148,0.19871148719561363,0.05905405345793892,0.14491040760261356,0.050884662393929754,-0.28114666259677545,-0.278064532400241,-0.3806992683043086,0.6086999543397738,1.0,0.8089578065247743,-0.07093711405259186,-0.06388925601043312,-0.08053537318142147,0.47085943465426255,-0.1259671564064374,-0.06408443235717545,-0.10694620839988545,-0.020979243687943086,0.011790331064520718,-0.01562787531519451,-0.21372984601925987,-0.10395412938400898,-0.1586410122923978,-0.0843976416053133,-0.03651200172906019,-0.049712163742338604,0.016056972196263467,0.005540705356779895,0.021967027035865044,-0.004259433052175185,0.002962702485030665,0.005825917105516138,-0.012573607911519721,0.026440608806515595,0.01845917777352556,-0.02039301221952265
PEDCOND,0.05403261419177017,0.048551325413080215,0.026255848190282774,0.020415009696850867,0.010950038141218598,0.020869792815814307,0.011772358432150846,0.01638643649540904,0.016090502869169417,0.03255052281879479,0.05681847057601545,0.0007198827990170002,0.061675825592528724,0.06853962025008267,-0.09049306505168396,0.4231177240135343,-0.024349471697957936,0.2267299749249417,0.06099780302247053,0.15087447543409527,0.03987709882937984,-0.3169112427466572,-0.31669784160591685,-0.43359228712917686,0.8468805778692723,0.8089578065247743,1.0,-0.08079286745521333,-0.07276580477796493,-0.09172467498577262,0.5362789902314741,-0.14358063815397956,-0.05547128410187865,-0.12307851708257805,-0.017185366302620048,-0.012859333846517246,-0.013671777569502773,-0.24507529250776222,-0.12366787101896962,-0.07256925595637766,-0.07806496456712371,-0.04489599764172172,-0.05744003379470321,0.0036757524608257586,-0.0014881199241045732,0.007950548443355465,-0.01081400239046453,0.014677434814326408,0.016344988315908464,0.012014829603565393,0.05367814154195669,0.02390461893150383,-0.037773393832140435